product_id,product_des,product_category
p-00,synergize user-centric interfaces,Eletronicos
p-01,architect customized methodologies,Eletronicos
p-02,expedite B2C action-items,Livros
p-03,architect magnetic info-mediaries,Roupas
p-04,maximize rich vortals,Jogos
p-05,benchmark global e-business,Roupas
p-06,expedite out-of-the-box platforms,Eletronicos
p-07,visualize magnetic relationships,Eletronicos
p-08,productize world-class architectures,Livros
p-09,benchmark out-of-the-box relationships,Roupas
p-10,matrix viral e-business,Jogos
p-11,unleash seamless channels,Eletronicos
p-12,exploit synergistic e-markets,Roupas
p-13,syndicate front-end paradigms,Roupas
p-14,grow holistic portals,Roupas
p-15,iterate one-to-one action-items,Roupas
p-16,repurpose scalable action-items,Roupas
p-17,iterate B2C applications,Roupas
p-18,streamline web-enabled users,Roupas
p-19,reinvent front-end ROI,Roupas
p-20,reinvent cross-media systems,Roupas
p-21,architect robust channels,Livros
p-22,scale rich e-markets,Jogos
p-23,enhance interactive systems,Roupas
p-24,optimize seamless web-readiness,Eletronicos
p-25,incubate 24/365 markets,Roupas
p-26,monetize integrated content,Eletronicos
p-27,benchmark best-of-breed platforms,Eletronicos
p-28,unleash dynamic e-commerce,Roupas
p-29,revolutionize 24/365 methodologies,Jogos
p-30,re-intermediate frictionless web services,Jogos
p-31,benchmark proactive bandwidth,Eletronicos
p-32,e-enable enterprise portals,Eletronicos
p-33,redefine collaborative schemas,Eletronicos
p-34,incubate B2B info-mediaries,Roupas
p-35,leverage turn-key e-business,Livros
p-36,repurpose extensible ROI,Jogos
p-37,incubate intuitive deliverables,Jogos
p-38,aggregate frictionless interfaces,Jogos
p-39,architect best-of-breed channels,Roupas
p-40,re-contextualize rich communities,Roupas
p-41,matrix frictionless portals,Roupas
p-42,iterate distributed info-mediaries,Livros
p-43,syndicate vertical info-mediaries,Livros
p-44,repurpose cross-platform platforms,Jogos
p-45,aggregate wireless deliverables,Jogos
p-46,transition cross-platform e-markets,Eletronicos
p-47,disintermediate rich applications,Roupas
p-48,re-contextualize collaborative niches,Livros
p-49,repurpose magnetic applications,Roupas
p-50,Ultra Widget Pro,Livros
p-51,Mega Gadget Xtreme,Eletronicos
p-52,Nano Device Max,Jogos
p-53,Pro Tool Elite,Roupas
p-54,Power Gear 9000,Livros
p-55,Hyper Machine X,Roupas
p-56,Smart Gizmo Ultra,Roupas
p-57,Super Module Z,Roupas
p-58,Prime Unit Plus,Eletronicos
p-59,Elite Accessory II,Roupas
p-60,Advanced Component X,Livros
p-61,Ultimate Element,Jogos
p-62,Core System One,Livros
p-63,Master Utility,Jogos
p-64,Fusion Kit Pro,Livros
p-65,Quantum Gear,Livros
p-66,Tech Device II,Eletronicos
p-67,Precision Tool,Livros
p-68,Supreme Module,Eletronicos
p-69,Omega Unit X,Jogos
p-70,Dynamic Component,Roupas
p-71,Prime Gadget Plus,Jogos
p-72,Vortex Module,Livros
p-73,Elite Widget,Eletronicos
p-74,Nano Unit Max,Jogos
p-75,Super Accessory Z,Eletronicos
p-76,Power Device Pro,Roupas
p-77,Hyper Element,Roupas
p-78,Smart Module X,Eletronicos
p-79,Ultimate Gear Pro,Livros
p-80,Core Device II,Eletronicos
p-81,Master Component,Roupas
p-82,Quantum Unit,Eletronicos
p-83,Tech Gadget Plus,Roupas
p-84,Precision Module,Livros
p-85,Supreme Gear,Roupas
p-86,Omega Tool X,Livros
p-87,Dynamic Unit Pro,Roupas
p-88,Prime Component,Jogos
p-89,Fusion Gadget,Eletronicos
p-90,Elite Device Max,Livros
p-91,Advanced Module Z,Livros
p-92,Ultra Tool Elite,Livros
p-93,Mega Unit Xtreme,Livros
p-94,Nano Module Pro,Livros
p-95,Pro Gear 9000,Roupas
p-96,Hyper Tool X,Roupas
p-97,Smart Unit Max,Livros
p-98,Super Gadget Pro,Eletronicos
p-99,Ultimate Component,Livros
