user_id,first_name,last_name,email,state,gender
u-000,Vitor,Moreira,vitor.moreira@example.com,CE,M
u-001,Vinicius,Cirino,vinicius.cirino@example.com,MS,M
u-002,Marcelo,Pacheco,marcelo.pacheco@example.com,RR,M
u-003,Natalia,Ramos,natalia.ramos@example.com,RR,F
u-004,Ana,Novais,ana.novais@example.com,RO,F
u-005,Patrícia,Macedo,patricia.macedo@example.com,SC,F
u-006,Flavia,Câmara,flavia.camara@example.com,RO,F
u-007,João,Câmara,joao.camara@example.com,RR,M
u-008,Gabriela,Novais,gabriela.novais@example.com,AL,F
u-009,Patrícia,Jesus,patricia.jesus@example.com,AL,F
u-010,Pedro,Melo,pedro.melo@example.com,RO,M
u-011,João,Porto,joao.porto@example.com,PI,M
u-012,Ana,Cirino,ana.cirino@example.com,SC,F
u-013,Bianca,Aparecida,bianca.aparecida@example.com,RN,F
u-014,Rodrigo,Pinto,rodrigo.pinto@example.com,PR,M
u-015,Jorge,Moura,jorge.moura@example.com,AC,M
u-016,Emanuela,da Mata,emanuela.damata@example.com,PB,F
u-017,Natalia,da Rocha,natalia.darocha@example.com,PA,F
u-018,Carolina,Montenegro,carolina.montenegro@example.com,RR,F
u-019,Fernando,Brito,fernando.brito@example.com,ES,M
u-020,Gustavo,Vieira,gustavo.vieira@example.com,PR,M
u-021,Natalia,Almeida,natalia.almeida@example.com,PR,F
u-022,Carolina,Mendonça,carolina.mendonca@example.com,PB,F
u-023,Pedro,da Mota,pedro.damota@example.com,MG,M
u-024,Henrique,Lima,henrique.lima@example.com,MA,M
u-025,Flavia,Aparecida,flavia.aparecida@example.com,AL,F
u-026,Alice,Silva,alice.silva@example.com,MG,F
u-027,Emanuela,da Cunha,emanuela.dacunha@example.com,AC,F
u-028,Gabriel,Mendes,gabriel.mendes@example.com,PE,M
u-029,Helena,Aparecida,helena.aparecida@example.com,AP,F
u-030,Helena,Nogueira,helena.nogueira@example.com,RN,F
u-031,Eduardo,Melo,eduardo.melo@example.com,AC,M
u-032,Leticia,Sá,leticia.sa@example.com,MT,F
u-033,Paulo,Mendes,paulo.mendes@example.com,ES,M
u-034,Ana,Pacheco,ana.pacheco@example.com,MT,F
u-035,Jorge,Moura,jorge.moura@example.com,ES,M
u-036,Pedro,Fernandes,pedro.fernandes@example.com,GO,M
u-037,Leticia,Rezende,leticia.rezende@example.com,SP,F
u-038,Laura,Rodrigues,laura.rodrigues@example.com,RJ,F
u-039,Diego,Melo,diego.melo@example.com,RJ,M
u-040,Flavia,Lima,flavia.lima@example.com,PI,F
u-041,Emanuela,Nogueira,emanuela.nogueira@example.com,RJ,F
u-042,Ana,da Mota,ana.damota@example.com,PB,F
u-043,Gabriel,Pinto,gabriel.pinto@example.com,RS,M
u-044,Carlos,Andrade,carlos.andrade@example.com,BA,M
u-045,Vitor,Barbosa,vitor.barbosa@example.com,TO,M
u-046,Eduardo,Borges,eduardo.borges@example.com,DF,M
u-047,Isabela,da Conceição,isabela.daconceicao@example.com,SE,F
u-048,Sofia,Correia,sofia.correia@example.com,RN,F
u-049,Leticia,Cunha,leticia.cunha@example.com,SP,F
u-050,Olivia,da Mota,olivia.damota@example.com,PE,F
u-051,Sofia,Ramos,sofia.ramos@example.com,PI,F
u-052,Matheus,Ramos,matheus.ramos@example.com,PB,M
u-053,Leonardo,Dias,leonardo.dias@example.com,RJ,M
u-054,Lucas,Rezende,lucas.rezende@example.com,RS,M
u-055,Luiza,Nascimento,luiza.nascimento@example.com,SE,F
u-056,Ana,Cavalcanti,ana.cavalcanti@example.com,GO,F
u-057,Clara,Nogueira,clara.nogueira@example.com,RJ,F
u-058,Isabela,Guerra,isabela.guerra@example.com,TO,F
u-059,Natalia,da Conceição,natalia.daconceicao@example.com,MT,F
u-060,Henrique,da Cruz,henrique.dacruz@example.com,AM,M
u-061,João,Moraes,joao.moraes@example.com,AC,M
u-062,Gustavo,Borges,gustavo.borges@example.com,RN,M
u-063,Gisele,Almeida,gisele.almeida@example.com,SC,F
u-064,Isadora,Teixeira,isadora.teixeira@example.com,SC,F
u-065,Helena,Fonseca,helena.fonseca@example.com,PI,F
u-066,Patrícia,Albuquerque,patricia.albuquerque@example.com,MS,F
u-067,Gisele,Cirino,gisele.cirino@example.com,BA,F
u-068,Paulo,das Neves,paulo.dasneves@example.com,SC,M
u-069,Gabriel,Guerra,gabriel.guerra@example.com,MS,M
u-070,Andre,Melo,andre.melo@example.com,PI,M
u-071,Fernando,Araújo,fernando.araujo@example.com,PR,M
u-072,Gabriela,Casa Grande,gabriela.casagrande@example.com,BA,F
u-073,Patrícia,Rios,patricia.rios@example.com,MT,F
u-074,Ana,Sales,ana.sales@example.com,RO,F
u-075,Caio,Fonseca,caio.fonseca@example.com,MS,M
u-076,Maria,Teixeira,maria.teixeira@example.com,AM,F
u-077,Mariana,Peixoto,mariana.peixoto@example.com,PA,F
u-078,Jorge,Campos,jorge.campos@example.com,MT,M
u-079,Rodrigo,das Neves,rodrigo.dasneves@example.com,PR,M
u-080,Lucas,Casa Grande,lucas.casagrande@example.com,GO,M
u-081,Gabriel,Gomes,gabriel.gomes@example.com,CE,M
u-082,Diego,Rios,diego.rios@example.com,PE,M
u-083,Leonardo,Sampaio,leonardo.sampaio@example.com,PR,M
u-084,Mariana,Leão,mariana.leao@example.com,RN,F
u-085,Eduardo,Ribeiro,eduardo.ribeiro@example.com,SE,M
u-086,Carolina,Mendonça,carolina.mendonca@example.com,AM,F
u-087,Lucas,Melo,lucas.melo@example.com,AP,M
u-088,Renato,Duarte,renato.duarte@example.com,SE,M
u-089,Paulo,Silveira,paulo.silveira@example.com,ES,M
u-090,Samuel,Nunes,samuel.nunes@example.com,PB,M
u-091,Emanuela,Cavalcante,emanuela.cavalcante@example.com,PA,F
u-092,Mariana,da Cruz,mariana.dacruz@example.com,PA,F
u-093,Andre,Ferreira,andre.ferreira@example.com,TO,M
u-094,Eduardo,Dias,eduardo.dias@example.com,MG,M
u-095,Sofia,Pinto,sofia.pinto@example.com,AC,F
u-096,Larissa,Cavalcante,larissa.cavalcante@example.com,AC,F
u-097,Monica,Oliveira,monica.oliveira@example.com,AL,F
u-098,Gabriela,Jesus,gabriela.jesus@example.com,PR,F
u-099,Carolina,Souza,carolina.souza@example.com,PB,F
u-100,Jorge,Garcia,jorge.garcia@example.com,MS,M
u-101,Rafael,Farias,rafael.farias@example.com,PA,M
u-102,Gabriela,Vieira,gabriela.vieira@example.com,RR,F
u-103,Caio,Duarte,caio.duarte@example.com,DF,M
u-104,Miguel,Souza,miguel.souza@example.com,DF,M
u-105,Vinicius,Nogueira,vinicius.nogueira@example.com,RN,M
u-106,Luiza,Jesus,luiza.jesus@example.com,SC,F
u-107,Juliana,Casa Grande,juliana.casagrande@example.com,MG,F
u-108,Jorge,Macedo,jorge.macedo@example.com,RJ,M
u-109,Antonio,Barros,antonio.barros@example.com,PB,M
u-110,Pedro,Rezende,pedro.rezende@example.com,ES,M
u-111,Gabriel,Sales,gabriel.sales@example.com,AM,M
u-112,Carolina,da Rosa,carolina.darosa@example.com,AL,F
u-113,Gustavo,Gomes,gustavo.gomes@example.com,GO,M
u-114,Carolina,Costa,carolina.costa@example.com,RN,F
u-115,Fernanda,Alves,fernanda.alves@example.com,RR,F
u-116,Helena,Sales,helena.sales@example.com,BA,F
u-117,João,Moreira,joao.moreira@example.com,PR,M
u-118,Clara,Vargas,clara.vargas@example.com,BA,F
u-119,Sofia,Macedo,sofia.macedo@example.com,RO,F
u-120,Ricardo,Câmara,ricardo.camara@example.com,AP,M
u-121,Isabela,das Neves,isabela.dasneves@example.com,MS,F
u-122,Monica,Albuquerque,monica.albuquerque@example.com,BA,F
u-123,Gustavo,Ribeiro,gustavo.ribeiro@example.com,RO,M
u-124,Miguel,Albuquerque,miguel.albuquerque@example.com,CE,M
u-125,Fernando,da Rocha,fernando.darocha@example.com,RJ,M
u-126,Bianca,Pimenta,bianca.pimenta@example.com,MT,F
u-127,Paulo,Abreu,paulo.abreu@example.com,RS,M
u-128,Juliana,Araújo,juliana.araujo@example.com,RJ,F
u-129,Isadora,Peixoto,isadora.peixoto@example.com,SP,F
u-130,Jessica,da Costa,jessica.dacosta@example.com,RN,F
u-131,Rafael,Moraes,rafael.moraes@example.com,AC,M
u-132,Ana,Farias,ana.farias@example.com,MA,F
u-133,Maria,Fonseca,maria.fonseca@example.com,MA,F
u-134,Lucas,Ferreira,lucas.ferreira@example.com,DF,M
u-135,Jorge,Viana,jorge.viana@example.com,RJ,M
u-136,Gustavo,Barros,gustavo.barros@example.com,CE,M
u-137,Luiza,Moraes,luiza.moraes@example.com,PB,F
u-138,Diego,Vargas,diego.vargas@example.com,DF,M
u-139,Rodrigo,Pacheco,rodrigo.pacheco@example.com,SC,M
u-140,Carolina,da Mota,carolina.damota@example.com,SE,F
u-141,Gisele,Almeida,gisele.almeida@example.com,AM,F
u-142,Henrique,Carvalho,henrique.carvalho@example.com,GO,M
u-143,Rodrigo,Araújo,rodrigo.araujo@example.com,PB,M
u-144,Emanuela,Vieira,emanuela.vieira@example.com,AC,F
u-145,Larissa,Azevedo,larissa.azevedo@example.com,PE,F
u-146,Carolina,Novaes,carolina.novaes@example.com,PE,F
u-147,Gabriel,Farias,gabriel.farias@example.com,PI,M
u-148,Ana,Barbosa,ana.barbosa@example.com,CE,F
u-149,Emanuela,Vieira,emanuela.vieira@example.com,MT,F
u-150,Rodrigo,Pastor,rodrigo.pastor@example.com,PA,M
u-151,Mariana,Siqueira,mariana.siqueira@example.com,GO,F
u-152,Eduardo,da Mata,eduardo.damata@example.com,PI,M
u-153,João,Casa Grande,joao.casagrande@example.com,DF,M
u-154,Eduardo,Ferreira,eduardo.ferreira@example.com,PB,M
u-155,Daniela,Viana,daniela.viana@example.com,SC,F
u-156,Gisele,Pires,gisele.pires@example.com,RN,F
u-157,Matheus,Pacheco,matheus.pacheco@example.com,SE,M
u-158,Juliana,Ramos,juliana.ramos@example.com,MA,F
u-159,Monica,da Cruz,monica.dacruz@example.com,RN,F
u-160,Beatriz,Peixoto,beatriz.peixoto@example.com,RO,F
u-161,Antonio,Abreu,antonio.abreu@example.com,MG,M
u-162,Renato,Lopes,renato.lopes@example.com,SE,M
u-163,Valentina,Nogueira,valentina.nogueira@example.com,PI,F
u-164,Gabriel,Fernandes,gabriel.fernandes@example.com,PA,M
u-165,Bruno,Lima,bruno.lima@example.com,DF,M
u-166,Beatriz,Souza,beatriz.souza@example.com,PI,F
u-167,Marcelo,Gonçalves,marcelo.goncalves@example.com,PA,M
u-168,Miguel,Rodrigues,miguel.rodrigues@example.com,CE,M
u-169,Alice,Gomes,alice.gomes@example.com,BA,F
u-170,Helena,Martins,helena.martins@example.com,TO,F
u-171,Gabriel,Rocha,gabriel.rocha@example.com,PA,M
u-172,Diego,Camargo,diego.camargo@example.com,MS,M
u-173,Natalia,Moura,natalia.moura@example.com,ES,F
u-174,Larissa,Abreu,larissa.abreu@example.com,DF,F
u-175,Marcelo,Macedo,marcelo.macedo@example.com,SP,M
u-176,Camila,da Luz,camila.daluz@example.com,ES,F
u-177,José,Rocha,jose.rocha@example.com,SC,M
u-178,Gisele,Camargo,gisele.camargo@example.com,MA,F
u-179,Pedro,Fogaça,pedro.fogaca@example.com,MA,M
u-180,Diego,Barbosa,diego.barbosa@example.com,DF,M
u-181,Ana,Mendonça,ana.mendonca@example.com,MG,F
u-182,Luiza,Farias,luiza.farias@example.com,MA,F
u-183,Monica,Moura,monica.moura@example.com,GO,F
u-184,Mariana,Gonçalves,mariana.goncalves@example.com,PB,F
u-185,Gisele,Garcia,gisele.garcia@example.com,AL,F
u-186,Leticia,Brito,leticia.brito@example.com,TO,F
u-187,Renato,Nascimento,renato.nascimento@example.com,RS,M
u-188,Leticia,Pinto,leticia.pinto@example.com,ES,F
u-189,Fernando,Abreu,fernando.abreu@example.com,AL,M
u-190,Maria,Cavalcanti,maria.cavalcanti@example.com,CE,F
u-191,Matheus,Jesus,matheus.jesus@example.com,SC,M
u-192,Laura,Ramos,laura.ramos@example.com,AL,F
u-193,Beatriz,Guerra,beatriz.guerra@example.com,BA,F
u-194,Paulo,Ferreira,paulo.ferreira@example.com,RJ,M
u-195,Henrique,Andrade,henrique.andrade@example.com,AL,M
u-196,Valentina,Araújo,valentina.araujo@example.com,SP,F
u-197,Rafael,Sousa,rafael.sousa@example.com,AC,M
u-198,Patrícia,Pimenta,patricia.pimenta@example.com,AM,F
u-199,Bianca,Castro,bianca.castro@example.com,PE,F
u-200,Isabela,Fogaça,isabela.fogaca@example.com,RR,F
u-201,Mariana,Cavalcanti,mariana.cavalcanti@example.com,AM,F
u-202,Flavia,Vieira,flavia.vieira@example.com,RJ,F
u-203,Patrícia,Marques,patricia.marques@example.com,AL,F
u-204,Antonio,da Rocha,antonio.darocha@example.com,SP,M
u-205,Patrícia,Pimenta,patricia.pimenta@example.com,GO,F
u-206,Helena,Mendes,helena.mendes@example.com,CE,F
u-207,Clara,Rezende,clara.rezende@example.com,SE,F
u-208,Luiza,Silva,luiza.silva@example.com,GO,F
u-209,Emanuela,Dias,emanuela.dias@example.com,RR,F
u-210,Diego,Vasconcelos,diego.vasconcelos@example.com,TO,M
u-211,Gisele,da Rosa,gisele.darosa@example.com,RO,F
u-212,Gustavo,Rezende,gustavo.rezende@example.com,MA,M
u-213,Flavia,Brito,flavia.brito@example.com,RN,F
u-214,Jessica,Fonseca,jessica.fonseca@example.com,DF,F
u-215,Marcelo,Cavalcanti,marcelo.cavalcanti@example.com,BA,M
u-216,Patrícia,Monteiro,patricia.monteiro@example.com,PR,F
u-217,Vinicius,Andrade,vinicius.andrade@example.com,DF,M
u-218,Gisele,Sampaio,gisele.sampaio@example.com,RR,F
u-219,Thiago,Marques,thiago.marques@example.com,SE,M
u-220,Alice,Viana,alice.viana@example.com,MA,F
u-221,Leticia,Lopes,leticia.lopes@example.com,SC,F
u-222,Daniela,da Mata,daniela.damata@example.com,AM,F
u-223,Maria,Freitas,maria.freitas@example.com,RS,F
u-224,Marcelo,Correia,marcelo.correia@example.com,AL,M
u-225,Jorge,Abreu,jorge.abreu@example.com,PA,M
u-226,João,Freitas,joao.freitas@example.com,RJ,M
u-227,Lucas,da Cruz,lucas.dacruz@example.com,MA,M
u-228,Paulo,Pimenta,paulo.pimenta@example.com,BA,M
u-229,Laura,Moura,laura.moura@example.com,RO,F
u-230,Jessica,Camargo,jessica.camargo@example.com,AC,F
u-231,Valentina,Costela,valentina.costela@example.com,PB,F
u-232,Renato,Vieira,renato.vieira@example.com,GO,M
u-233,Rafael,Gomes,rafael.gomes@example.com,CE,M
u-234,Miguel,das Neves,miguel.dasneves@example.com,GO,M
u-235,Bruno,Cavalcante,bruno.cavalcante@example.com,PR,M
u-236,Gabriela,Alves,gabriela.alves@example.com,PI,F
u-237,Jessica,Leão,jessica.leao@example.com,SC,F
u-238,Gustavo,Viana,gustavo.viana@example.com,BA,M
u-239,Fernanda,Pimenta,fernanda.pimenta@example.com,ES,F
u-240,Matheus,Freitas,matheus.freitas@example.com,MT,M
u-241,José,Pimenta,jose.pimenta@example.com,AL,M
u-242,Felipe,Marques,felipe.marques@example.com,AC,M
u-243,Ana,Cavalcanti,ana.cavalcanti@example.com,RO,F
u-244,Fernando,Pacheco,fernando.pacheco@example.com,MS,M
u-245,Gabriel,Jesus,gabriel.jesus@example.com,SP,M
u-246,Emanuela,da Rocha,emanuela.darocha@example.com,PI,F
u-247,Leonardo,Correia,leonardo.correia@example.com,AM,M
u-248,Alice,Novais,alice.novais@example.com,PR,F
u-249,Diego,Ribeiro,diego.ribeiro@example.com,RS,M
u-250,Miguel,da Mata,miguel.damata@example.com,PI,M
u-251,Flavia,Ferreira,flavia.ferreira@example.com,PA,F
u-252,Larissa,Porto,larissa.porto@example.com,AL,F
u-253,Jorge,Pereira,jorge.pereira@example.com,SP,M
u-254,Monica,Dias,monica.dias@example.com,RR,F
u-255,Beatriz,Garcia,beatriz.garcia@example.com,MS,F
u-256,Thiago,Peixoto,thiago.peixoto@example.com,MA,M
u-257,Gisele,Peixoto,gisele.peixoto@example.com,PB,F
u-258,Rodrigo,Sampaio,rodrigo.sampaio@example.com,PI,M
u-259,Rodrigo,Viana,rodrigo.viana@example.com,PE,M
u-260,Bruno,Silva,bruno.silva@example.com,ES,M
u-261,Carlos,Pacheco,carlos.pacheco@example.com,RJ,M
u-262,Thiago,Leão,thiago.leao@example.com,PA,M
u-263,Vinicius,Silveira,vinicius.silveira@example.com,PI,M
u-264,Clara,Vasconcelos,clara.vasconcelos@example.com,GO,F
u-265,Mariana,Camargo,mariana.camargo@example.com,CE,F
u-266,Henrique,Garcia,henrique.garcia@example.com,MS,M
u-267,Vinicius,Costela,vinicius.costela@example.com,PE,M
u-268,Laura,Andrade,laura.andrade@example.com,CE,F
u-269,Mariana,Sales,mariana.sales@example.com,AM,F
u-270,Fernando,Costela,fernando.costela@example.com,AM,M
u-271,Marcelo,Mendonça,marcelo.mendonca@example.com,RO,M
u-272,Henrique,Ribeiro,henrique.ribeiro@example.com,RS,M
u-273,Leticia,Sousa,leticia.sousa@example.com,AC,F
u-274,Patrícia,Vasconcelos,patricia.vasconcelos@example.com,MG,F
u-275,Eduardo,Fernandes,eduardo.fernandes@example.com,MA,M
u-276,Fernando,Montenegro,fernando.montenegro@example.com,PR,M
u-277,Vitor,da Conceição,vitor.daconceicao@example.com,AP,M
u-278,Isadora,Novais,isadora.novais@example.com,RJ,F
u-279,Monica,Souza,monica.souza@example.com,PR,F
u-280,Isadora,da Cruz,isadora.dacruz@example.com,RR,F
u-281,Rodrigo,Mendonça,rodrigo.mendonca@example.com,BA,M
u-282,Isadora,Sá,isadora.sa@example.com,RJ,F
u-283,Laura,Silva,laura.silva@example.com,RO,F
u-284,Laura,Sousa,laura.sousa@example.com,RS,F
u-285,Rodrigo,Mendes,rodrigo.mendes@example.com,TO,M
u-286,Rafael,da Cruz,rafael.dacruz@example.com,PI,M
u-287,Rafael,Teixeira,rafael.teixeira@example.com,GO,M
u-288,Gabriela,Camargo,gabriela.camargo@example.com,AC,F
u-289,Carolina,Carvalho,carolina.carvalho@example.com,AM,F
u-290,Fernando,Cassiano,fernando.cassiano@example.com,GO,M
u-291,Rafael,Siqueira,rafael.siqueira@example.com,MT,M
u-292,Alice,da Mata,alice.damata@example.com,RN,F
u-293,Matheus,Vargas,matheus.vargas@example.com,AC,M
u-294,Matheus,Viana,matheus.viana@example.com,MT,M
u-295,Diego,Dias,diego.dias@example.com,MT,M
u-296,Renato,Cardoso,renato.cardoso@example.com,AP,M
u-297,Emanuela,Vasconcelos,emanuela.vasconcelos@example.com,AM,F
u-298,Flavia,Aparecida,flavia.aparecida@example.com,PE,F
u-299,Sofia,Nunes,sofia.nunes@example.com,MA,F
u-300,Renato,Rodrigues,renato.rodrigues@example.com,CE,M
u-301,Laura,Oliveira,laura.oliveira@example.com,RN,F
u-302,Leticia,Santos,leticia.santos@example.com,ES,F
u-303,Felipe,Montenegro,felipe.montenegro@example.com,PA,M
u-304,Daniela,Garcia,daniela.garcia@example.com,AC,F
u-305,Isabela,Cavalcante,isabela.cavalcante@example.com,MS,F
u-306,Caio,Garcia,caio.garcia@example.com,PE,M
u-307,Laura,Martins,laura.martins@example.com,SP,F
u-308,Caio,Aparecida,caio.aparecida@example.com,MS,M
u-309,Paulo,da Cunha,paulo.dacunha@example.com,SC,M
u-310,Laura,Martins,laura.martins@example.com,GO,F
u-311,Renato,Freitas,renato.freitas@example.com,PR,M
u-312,Felipe,Pires,felipe.pires@example.com,MS,M
u-313,Juliana,das Neves,juliana.dasneves@example.com,MA,F
u-314,Maria,Gomes,maria.gomes@example.com,PE,F
u-315,Miguel,Pimenta,miguel.pimenta@example.com,MS,M
u-316,Matheus,Lopes,matheus.lopes@example.com,PA,M
u-317,Helena,Moreira,helena.moreira@example.com,ES,F
u-318,Marcelo,Azevedo,marcelo.azevedo@example.com,PR,M
u-319,Felipe,Leão,felipe.leao@example.com,TO,M
u-320,Helena,Melo,helena.melo@example.com,GO,F
u-321,Felipe,Souza,felipe.souza@example.com,ES,M
u-322,Henrique,da Rosa,henrique.darosa@example.com,MS,M
u-323,Maria,da Cruz,maria.dacruz@example.com,PB,F
u-324,Thiago,Almeida,thiago.almeida@example.com,PI,M
u-325,Helena,Leão,helena.leao@example.com,ES,F
u-326,Caio,da Rocha,caio.darocha@example.com,PR,M
u-327,Antonio,Pereira,antonio.pereira@example.com,MG,M
u-328,João,Machado,joao.machado@example.com,SE,M
u-329,Leticia,Oliveira,leticia.oliveira@example.com,MA,F
u-330,Carlos,Pastor,carlos.pastor@example.com,RO,M
u-331,Fernando,Mendes,fernando.mendes@example.com,MG,M
u-332,Jessica,Gomes,jessica.gomes@example.com,AL,F
u-333,Gabriel,Rodrigues,gabriel.rodrigues@example.com,ES,M
u-334,Luiza,Farias,luiza.farias@example.com,MG,F
u-335,Carolina,Siqueira,carolina.siqueira@example.com,TO,F
u-336,Thiago,Ferreira,thiago.ferreira@example.com,RJ,M
u-337,Caio,Pereira,caio.pereira@example.com,RJ,M
u-338,Luiza,Cardoso,luiza.cardoso@example.com,CE,F
u-339,Emanuela,Ferreira,emanuela.ferreira@example.com,TO,F
u-340,Natalia,das Neves,natalia.dasneves@example.com,MT,F
u-341,Emanuela,Oliveira,emanuela.oliveira@example.com,RO,F
u-342,Gisele,Marques,gisele.marques@example.com,DF,F
u-343,Andre,Casa Grande,andre.casagrande@example.com,MT,M
u-344,Beatriz,Moreira,beatriz.moreira@example.com,RS,F
u-345,Marcelo,Costela,marcelo.costela@example.com,MA,M
u-346,Sofia,das Neves,sofia.dasneves@example.com,SE,F
u-347,Valentina,Barros,valentina.barros@example.com,RS,F
u-348,Isadora,Marques,isadora.marques@example.com,AL,F
u-349,Eduardo,Carvalho,eduardo.carvalho@example.com,MS,M
u-350,José,da Cunha,jose.dacunha@example.com,AP,M
u-351,Jessica,Camargo,jessica.camargo@example.com,PA,F
u-352,Diego,Cavalcante,diego.cavalcante@example.com,RS,M
u-353,Diego,Fonseca,diego.fonseca@example.com,RJ,M
u-354,Laura,Moraes,laura.moraes@example.com,PR,F
u-355,Flavia,Santos,flavia.santos@example.com,RJ,F
u-356,Paulo,Mendes,paulo.mendes@example.com,PB,M
u-357,Fernando,Pacheco,fernando.pacheco@example.com,TO,M
u-358,Patrícia,Aparecida,patricia.aparecida@example.com,GO,F
u-359,Leticia,Novaes,leticia.novaes@example.com,MT,F
u-360,Olivia,Peixoto,olivia.peixoto@example.com,RS,F
u-361,Fernando,Cirino,fernando.cirino@example.com,CE,M
u-362,Isadora,Rocha,isadora.rocha@example.com,AL,F
u-363,Emanuela,Silva,emanuela.silva@example.com,RR,F
u-364,Patrícia,Leão,patricia.leao@example.com,AL,F
u-365,Carolina,Porto,carolina.porto@example.com,SC,F
u-366,Patrícia,Costa,patricia.costa@example.com,GO,F
u-367,Vitor,da Mata,vitor.damata@example.com,SP,M
u-368,José,Albuquerque,jose.albuquerque@example.com,CE,M
u-369,Lucas,Pires,lucas.pires@example.com,CE,M
u-370,Rafael,Pastor,rafael.pastor@example.com,CE,M
u-371,Thiago,Ferreira,thiago.ferreira@example.com,RO,M
u-372,Jessica,Abreu,jessica.abreu@example.com,MA,F
u-373,Flavia,Ribeiro,flavia.ribeiro@example.com,AM,F
u-374,Camila,Porto,camila.porto@example.com,MG,F
u-375,Gisele,Dias,gisele.dias@example.com,GO,F
u-376,Ana,Farias,ana.farias@example.com,AP,F
u-377,Sofia,Brito,sofia.brito@example.com,AP,F
u-378,Beatriz,Ramos,beatriz.ramos@example.com,MT,F
u-379,Helena,Correia,helena.correia@example.com,SC,F
u-380,Juliana,Borges,juliana.borges@example.com,MG,F
u-381,Rodrigo,Nogueira,rodrigo.nogueira@example.com,AL,M
u-382,Henrique,Garcia,henrique.garcia@example.com,TO,M
u-383,Valentina,Aparecida,valentina.aparecida@example.com,PE,F
u-384,Juliana,Gomes,juliana.gomes@example.com,DF,F
u-385,Pedro,Silva,pedro.silva@example.com,PE,M
u-386,Caio,Oliveira,caio.oliveira@example.com,AL,M
u-387,Gabriel,da Paz,gabriel.dapaz@example.com,GO,M
u-388,Ricardo,da Cruz,ricardo.dacruz@example.com,BA,M
u-389,Bianca,Cardoso,bianca.cardoso@example.com,SC,F
u-390,Lucas,Novais,lucas.novais@example.com,MG,M
u-391,Gisele,Brito,gisele.brito@example.com,PA,F
u-392,Renato,Ferreira,renato.ferreira@example.com,RJ,M
u-393,Sofia,Novais,sofia.novais@example.com,MA,F
u-394,Alice,Costela,alice.costela@example.com,MA,F
u-395,Carlos,Sales,carlos.sales@example.com,SC,M
u-396,Natalia,Correia,natalia.correia@example.com,PB,F
u-397,Henrique,Rezende,henrique.rezende@example.com,PE,M
u-398,Thiago,Sá,thiago.sa@example.com,RS,M
u-399,Lucas,Souza,lucas.souza@example.com,MG,M
u-400,Diego,Moreira,diego.moreira@example.com,PR,M
u-401,Antonio,Jesus,antonio.jesus@example.com,RN,M
u-402,Patrícia,Ramos,patricia.ramos@example.com,AP,F
u-403,Rafael,Castro,rafael.castro@example.com,AC,M
u-404,Bruno,Lopes,bruno.lopes@example.com,SP,M
u-405,Vinicius,Sá,vinicius.sa@example.com,PI,M
u-406,Leticia,Porto,leticia.porto@example.com,PI,F
u-407,Camila,Almeida,camila.almeida@example.com,GO,F
u-408,Lucas,da Mota,lucas.damota@example.com,MT,M
u-409,Vitor,da Cunha,vitor.dacunha@example.com,SC,M
u-410,Gabriela,Barros,gabriela.barros@example.com,ES,F
u-411,Patrícia,Abreu,patricia.abreu@example.com,AL,F
u-412,Larissa,Machado,larissa.machado@example.com,AC,F
u-413,Henrique,da Rocha,henrique.darocha@example.com,PR,M
u-414,Alice,da Mota,alice.damota@example.com,AC,F
u-415,Jessica,Vasconcelos,jessica.vasconcelos@example.com,MA,F
u-416,Alice,Fonseca,alice.fonseca@example.com,PR,F
u-417,Camila,Aparecida,camila.aparecida@example.com,ES,F
u-418,Gustavo,Leão,gustavo.leao@example.com,RS,M
u-419,Henrique,Teixeira,henrique.teixeira@example.com,PR,M
u-420,Paulo,Andrade,paulo.andrade@example.com,MT,M
u-421,Leticia,Pinto,leticia.pinto@example.com,AM,F
u-422,Maria,Aparecida,maria.aparecida@example.com,ES,F
u-423,Jorge,Costa,jorge.costa@example.com,RR,M
u-424,Clara,Pereira,clara.pereira@example.com,SE,F
u-425,Caio,Abreu,caio.abreu@example.com,PA,M
u-426,Daniela,Casa Grande,daniela.casagrande@example.com,SC,F
u-427,Emanuela,Borges,emanuela.borges@example.com,PB,F
u-428,Thiago,Costa,thiago.costa@example.com,RR,M
u-429,Luiza,Moraes,luiza.moraes@example.com,ES,F
u-430,Jorge,Ramos,jorge.ramos@example.com,MS,M
u-431,Leonardo,Gonçalves,leonardo.goncalves@example.com,RO,M
u-432,Bruno,Jesus,bruno.jesus@example.com,RO,M
u-433,Ana,Sampaio,ana.sampaio@example.com,SC,F
u-434,Alice,Dias,alice.dias@example.com,SP,F
u-435,Bruno,Caldeira,bruno.caldeira@example.com,RJ,M
u-436,Eduardo,Brito,eduardo.brito@example.com,MS,M
u-437,Andre,Ramos,andre.ramos@example.com,MG,M
u-438,Carolina,da Costa,carolina.dacosta@example.com,PR,F
u-439,Jessica,Dias,jessica.dias@example.com,MT,F
u-440,Andre,Barros,andre.barros@example.com,AP,M
u-441,Larissa,Pires,larissa.pires@example.com,AC,F
u-442,Clara,Cavalcanti,clara.cavalcanti@example.com,SE,F
u-443,Isadora,Cavalcanti,isadora.cavalcanti@example.com,GO,F
u-444,Vinicius,Nascimento,vinicius.nascimento@example.com,RJ,M
u-445,João,Vieira,joao.vieira@example.com,AC,M
u-446,Gustavo,da Costa,gustavo.dacosta@example.com,PR,M
u-447,Carolina,Santos,carolina.santos@example.com,PA,F
u-448,Antonio,Mendonça,antonio.mendonca@example.com,MA,M
u-449,Camila,Moura,camila.moura@example.com,MT,F
u-450,Gisele,Pimenta,gisele.pimenta@example.com,RO,F
u-451,Ricardo,Pereira,ricardo.pereira@example.com,TO,M
u-452,Larissa,Borges,larissa.borges@example.com,AC,F
u-453,Renato,Lopes,renato.lopes@example.com,TO,M
u-454,Miguel,Nunes,miguel.nunes@example.com,RS,M
u-455,Flavia,Moraes,flavia.moraes@example.com,RJ,F
u-456,Camila,da Conceição,camila.daconceicao@example.com,SP,F
u-457,Olivia,Moraes,olivia.moraes@example.com,MT,F
u-458,Matheus,Silva,matheus.silva@example.com,RS,M
u-459,Patrícia,Farias,patricia.farias@example.com,GO,F
u-460,Vinicius,da Mata,vinicius.damata@example.com,SP,M
u-461,Marcelo,Moraes,marcelo.moraes@example.com,DF,M
u-462,Daniela,Garcia,daniela.garcia@example.com,SP,F
u-463,Larissa,Macedo,larissa.macedo@example.com,ES,F
u-464,Natalia,Caldeira,natalia.caldeira@example.com,PI,F
u-465,Marcelo,Nunes,marcelo.nunes@example.com,RR,M
u-466,Miguel,Abreu,miguel.abreu@example.com,MT,M
u-467,Gustavo,Rezende,gustavo.rezende@example.com,MA,M
u-468,Gabriel,Sá,gabriel.sa@example.com,MS,M
u-469,José,Jesus,jose.jesus@example.com,RR,M
u-470,Thiago,Barros,thiago.barros@example.com,DF,M
u-471,Natalia,Ferreira,natalia.ferreira@example.com,RR,F
u-472,Henrique,Vieira,henrique.vieira@example.com,RR,M
u-473,Luiza,da Rocha,luiza.darocha@example.com,SP,F
u-474,Felipe,Nogueira,felipe.nogueira@example.com,TO,M
u-475,Mariana,Sousa,mariana.sousa@example.com,RR,F
u-476,Lucas,Araújo,lucas.araujo@example.com,PB,M
u-477,Fernando,Aragão,fernando.aragao@example.com,PE,M
u-478,Natalia,Freitas,natalia.freitas@example.com,RS,F
u-479,Daniela,Cirino,daniela.cirino@example.com,MG,F
u-480,Vitor,Brito,vitor.brito@example.com,ES,M
u-481,Fernando,da Cruz,fernando.dacruz@example.com,MA,M
u-482,Monica,Fogaça,monica.fogaca@example.com,MA,F
u-483,Gabriel,Moreira,gabriel.moreira@example.com,MA,M
u-484,Rafael,Andrade,rafael.andrade@example.com,MG,M
u-485,José,Sá,jose.sa@example.com,TO,M
u-486,Gabriel,Farias,gabriel.farias@example.com,PE,M
u-487,Pedro,Novaes,pedro.novaes@example.com,MS,M
u-488,Emanuela,da Costa,emanuela.dacosta@example.com,MG,F
u-489,Alice,Oliveira,alice.oliveira@example.com,GO,F
u-490,Maria,Câmara,maria.camara@example.com,RS,F
u-491,Leonardo,Dias,leonardo.dias@example.com,AC,M
u-492,Ricardo,Borges,ricardo.borges@example.com,RJ,M
u-493,Gabriela,Rocha,gabriela.rocha@example.com,SE,F
u-494,Isadora,Sá,isadora.sa@example.com,PE,F
u-495,Rafael,Barros,rafael.barros@example.com,RN,M
u-496,Henrique,Araújo,henrique.araujo@example.com,AC,M
u-497,Pedro,Brito,pedro.brito@example.com,SP,M
u-498,Felipe,Duarte,felipe.duarte@example.com,AL,M
u-499,Andre,Monteiro,andre.monteiro@example.com,BA,M
u-500,Ana,Gomes,ana.gomes@example.com,SC,F
u-501,Natalia,Pires,natalia.pires@example.com,MS,F
u-502,Rafael,Sales,rafael.sales@example.com,TO,M
u-503,Alice,Guerra,alice.guerra@example.com,MG,F
u-504,Carolina,Monteiro,carolina.monteiro@example.com,AL,F
u-505,Luiza,Fernandes,luiza.fernandes@example.com,PR,F
u-506,Jorge,Fogaça,jorge.fogaca@example.com,PB,M
u-507,José,Pires,jose.pires@example.com,SE,M
u-508,Sofia,Aparecida,sofia.aparecida@example.com,PB,F
u-509,Rafael,Vargas,rafael.vargas@example.com,MT,M
u-510,Vinicius,Cardoso,vinicius.cardoso@example.com,PE,M
u-511,João,Machado,joao.machado@example.com,MG,M
u-512,Diego,Borges,diego.borges@example.com,AM,M
u-513,Maria,Nogueira,maria.nogueira@example.com,RR,F
u-514,Ricardo,Fernandes,ricardo.fernandes@example.com,RR,M
u-515,Monica,Carvalho,monica.carvalho@example.com,AP,F
u-516,Valentina,Jesus,valentina.jesus@example.com,DF,F
u-517,Valentina,Fernandes,valentina.fernandes@example.com,AP,F
u-518,Sofia,Andrade,sofia.andrade@example.com,RJ,F
u-519,Clara,Macedo,clara.macedo@example.com,PE,F
u-520,Leticia,Jesus,leticia.jesus@example.com,PI,F
u-521,Patrícia,Pimenta,patricia.pimenta@example.com,SC,F
u-522,Isabela,Cavalcanti,isabela.cavalcanti@example.com,PB,F
u-523,Daniela,Fogaça,daniela.fogaca@example.com,BA,F
u-524,Olivia,Martins,olivia.martins@example.com,DF,F
u-525,Bruno,Martins,bruno.martins@example.com,RS,M
u-526,Caio,da Costa,caio.dacosta@example.com,AM,M
u-527,Sofia,Fogaça,sofia.fogaca@example.com,PI,F
u-528,Emanuela,Pacheco,emanuela.pacheco@example.com,AC,F
u-529,Jessica,Pinto,jessica.pinto@example.com,AM,F
u-530,Mariana,Vasconcelos,mariana.vasconcelos@example.com,PE,F
u-531,Carlos,Albuquerque,carlos.albuquerque@example.com,GO,M
u-532,Gabriela,Rocha,gabriela.rocha@example.com,MS,F
u-533,Thiago,Oliveira,thiago.oliveira@example.com,MG,M
u-534,Helena,Câmara,helena.camara@example.com,MA,F
u-535,Caio,Vargas,caio.vargas@example.com,BA,M
u-536,Ana,Nogueira,ana.nogueira@example.com,GO,F
u-537,Isabela,Barbosa,isabela.barbosa@example.com,SC,F
u-538,Gustavo,da Cruz,gustavo.dacruz@example.com,RR,M
u-539,Marcelo,Borges,marcelo.borges@example.com,DF,M
u-540,Gabriel,Pereira,gabriel.pereira@example.com,BA,M
u-541,Thiago,Cavalcanti,thiago.cavalcanti@example.com,PB,M
u-542,Maria,Leão,maria.leao@example.com,RJ,F
u-543,Fernanda,Macedo,fernanda.macedo@example.com,RS,F
u-544,João,da Costa,joao.dacosta@example.com,PB,M
u-545,Eduardo,Vasconcelos,eduardo.vasconcelos@example.com,MS,M
u-546,Helena,Rocha,helena.rocha@example.com,MS,F
u-547,Marcelo,da Rosa,marcelo.darosa@example.com,PI,M
u-548,Felipe,Pimenta,felipe.pimenta@example.com,GO,M
u-549,Laura,Rios,laura.rios@example.com,MS,F
u-550,Camila,Pimenta,camila.pimenta@example.com,PI,F
u-551,Ana,Caldeira,ana.caldeira@example.com,PI,F
u-552,Isabela,Abreu,isabela.abreu@example.com,GO,F
u-553,Maria,Monteiro,maria.monteiro@example.com,MA,F
u-554,Leticia,Vieira,leticia.vieira@example.com,MT,F
u-555,Luiza,Porto,luiza.porto@example.com,RJ,F
u-556,Vitor,Araújo,vitor.araujo@example.com,RN,M
u-557,Caio,Almeida,caio.almeida@example.com,AL,M
u-558,Mariana,Cassiano,mariana.cassiano@example.com,PB,F
u-559,João,Sales,joao.sales@example.com,MA,M
u-560,Gisele,Ramos,gisele.ramos@example.com,RR,F
u-561,Mariana,Souza,mariana.souza@example.com,RR,F
u-562,Laura,Aragão,laura.aragao@example.com,AL,F
u-563,Caio,Viana,caio.viana@example.com,PB,M
u-564,Gabriel,Santos,gabriel.santos@example.com,AC,M
u-565,José,Mendes,jose.mendes@example.com,RS,M
u-566,Patrícia,Carvalho,patricia.carvalho@example.com,AC,F
u-567,Bruno,Correia,bruno.correia@example.com,PA,M
u-568,Laura,Lopes,laura.lopes@example.com,GO,F
u-569,Clara,Casa Grande,clara.casagrande@example.com,RN,F
u-570,Maria,Porto,maria.porto@example.com,AC,F
u-571,Luiza,Aparecida,luiza.aparecida@example.com,MT,F
u-572,Miguel,Costela,miguel.costela@example.com,CE,M
u-573,Camila,Cavalcante,camila.cavalcante@example.com,CE,F
u-574,Henrique,Novais,henrique.novais@example.com,PB,M
u-575,Gisele,Silva,gisele.silva@example.com,AM,F
u-576,Clara,Almeida,clara.almeida@example.com,CE,F
u-577,Ricardo,Costela,ricardo.costela@example.com,MS,M
u-578,José,Azevedo,jose.azevedo@example.com,AC,M
u-579,Laura,Cassiano,laura.cassiano@example.com,RO,F
u-580,Monica,Nascimento,monica.nascimento@example.com,RN,F
u-581,Fernanda,Vasconcelos,fernanda.vasconcelos@example.com,AP,F
u-582,Rafael,Abreu,rafael.abreu@example.com,MT,M
u-583,Rodrigo,Costa,rodrigo.costa@example.com,PB,M
u-584,Helena,Guerra,helena.guerra@example.com,PR,F
u-585,Leonardo,Vasconcelos,leonardo.vasconcelos@example.com,CE,M
u-586,Gustavo,Porto,gustavo.porto@example.com,TO,M
u-587,Vitor,Sousa,vitor.sousa@example.com,PA,M
u-588,Patrícia,Santos,patricia.santos@example.com,ES,F
u-589,Henrique,Novaes,henrique.novaes@example.com,ES,M
u-590,Leticia,Ribeiro,leticia.ribeiro@example.com,BA,F
u-591,Leticia,Viana,leticia.viana@example.com,MS,F
u-592,Alice,Silveira,alice.silveira@example.com,TO,F
u-593,Clara,Siqueira,clara.siqueira@example.com,SC,F
u-594,Laura,Mendes,laura.mendes@example.com,ES,F
u-595,Rodrigo,Sales,rodrigo.sales@example.com,MG,M
u-596,Ana,Pinto,ana.pinto@example.com,AC,F
u-597,Isabela,Albuquerque,isabela.albuquerque@example.com,RS,F
u-598,Rodrigo,Silva,rodrigo.silva@example.com,AL,M
u-599,Renato,Martins,renato.martins@example.com,RR,M
u-600,Daniela,Moreira,daniela.moreira@example.com,RO,F
u-601,Fernando,Guerra,fernando.guerra@example.com,CE,M
u-602,Ana,da Mata,ana.damata@example.com,MG,F
u-603,Leticia,Viana,leticia.viana@example.com,AC,F
u-604,Miguel,Almeida,miguel.almeida@example.com,RJ,M
u-605,Carolina,Vargas,carolina.vargas@example.com,RJ,F
u-606,Natalia,Macedo,natalia.macedo@example.com,TO,F
u-607,Rafael,Santos,rafael.santos@example.com,PB,M
u-608,Eduardo,Siqueira,eduardo.siqueira@example.com,SE,M
u-609,Leonardo,Cavalcanti,leonardo.cavalcanti@example.com,AC,M
u-610,Thiago,Mendonça,thiago.mendonca@example.com,PE,M
u-611,Lucas,Costa,lucas.costa@example.com,AP,M
u-612,Isabela,Barbosa,isabela.barbosa@example.com,RO,F
u-613,Matheus,Correia,matheus.correia@example.com,PB,M
u-614,Beatriz,Martins,beatriz.martins@example.com,ES,F
u-615,Bruno,Alves,bruno.alves@example.com,MT,M
u-616,Antonio,Duarte,antonio.duarte@example.com,RJ,M
u-617,Gabriel,Viana,gabriel.viana@example.com,SP,M
u-618,Diego,Gomes,diego.gomes@example.com,MS,M
u-619,Isadora,Campos,isadora.campos@example.com,PB,F
u-620,Isabela,Rodrigues,isabela.rodrigues@example.com,RR,F
u-621,Jorge,Gonçalves,jorge.goncalves@example.com,AM,M
u-622,Flavia,Cirino,flavia.cirino@example.com,CE,F
u-623,Caio,Gomes,caio.gomes@example.com,GO,M
u-624,Carolina,Pimenta,carolina.pimenta@example.com,RN,F
u-625,Samuel,Siqueira,samuel.siqueira@example.com,PA,M
u-626,Vinicius,Nogueira,vinicius.nogueira@example.com,SE,M
u-627,Gabriel,Sousa,gabriel.sousa@example.com,SC,M
u-628,Emanuela,Lima,emanuela.lima@example.com,AP,F
u-629,Valentina,das Neves,valentina.dasneves@example.com,GO,F
u-630,Samuel,Cavalcanti,samuel.cavalcanti@example.com,TO,M
u-631,Carlos,Jesus,carlos.jesus@example.com,MG,M
u-632,Thiago,Novaes,thiago.novaes@example.com,RN,M
u-633,Helena,da Mata,helena.damata@example.com,RJ,F
u-634,Clara,Rezende,clara.rezende@example.com,RS,F
u-635,Monica,Moura,monica.moura@example.com,AL,F
u-636,Larissa,Campos,larissa.campos@example.com,SE,F
u-637,Sofia,Viana,sofia.viana@example.com,PB,F
u-638,Miguel,Leão,miguel.leao@example.com,AC,M
u-639,Renato,Sousa,renato.sousa@example.com,PR,M
u-640,Olivia,Siqueira,olivia.siqueira@example.com,ES,F
u-641,Olivia,Borges,olivia.borges@example.com,PB,F
u-642,Bianca,Ferreira,bianca.ferreira@example.com,PE,F
u-643,Marcelo,Porto,marcelo.porto@example.com,AP,M
u-644,Laura,Albuquerque,laura.albuquerque@example.com,MT,F
u-645,Isadora,Vasconcelos,isadora.vasconcelos@example.com,ES,F
u-646,Camila,Nogueira,camila.nogueira@example.com,PA,F
u-647,Marcelo,Mendes,marcelo.mendes@example.com,AC,M
u-648,Paulo,da Rocha,paulo.darocha@example.com,PE,M
u-649,Vitor,Siqueira,vitor.siqueira@example.com,ES,M
u-650,Daniela,Gomes,daniela.gomes@example.com,AP,F
u-651,Luiza,Nunes,luiza.nunes@example.com,DF,F
u-652,Mariana,Macedo,mariana.macedo@example.com,TO,F
u-653,Felipe,Porto,felipe.porto@example.com,AL,M
u-654,Beatriz,Monteiro,beatriz.monteiro@example.com,CE,F
u-655,Helena,Fogaça,helena.fogaca@example.com,AM,F
u-656,Paulo,Mendes,paulo.mendes@example.com,TO,M
u-657,Samuel,Montenegro,samuel.montenegro@example.com,PA,M
u-658,Maria,Montenegro,maria.montenegro@example.com,GO,F
u-659,Antonio,da Cruz,antonio.dacruz@example.com,RS,M
u-660,Helena,Alves,helena.alves@example.com,RJ,F
u-661,Fernanda,Fonseca,fernanda.fonseca@example.com,PE,F
u-662,Alice,da Conceição,alice.daconceicao@example.com,MS,F
u-663,Fernanda,da Cruz,fernanda.dacruz@example.com,RJ,F
u-664,Antonio,das Neves,antonio.dasneves@example.com,DF,M
u-665,Ricardo,da Cunha,ricardo.dacunha@example.com,AL,M
u-666,Gustavo,Lopes,gustavo.lopes@example.com,RR,M
u-667,Diego,Lopes,diego.lopes@example.com,SC,M
u-668,Miguel,da Mota,miguel.damota@example.com,MS,M
u-669,Rafael,da Paz,rafael.dapaz@example.com,GO,M
u-670,Rafael,Cardoso,rafael.cardoso@example.com,RJ,M
u-671,Monica,Alves,monica.alves@example.com,AL,F
u-672,Pedro,da Costa,pedro.dacosta@example.com,RR,M
u-673,Jorge,Carvalho,jorge.carvalho@example.com,RR,M
u-674,Fernando,Pimenta,fernando.pimenta@example.com,RS,M
u-675,Rafael,Monteiro,rafael.monteiro@example.com,MA,M
u-676,Samuel,Costela,samuel.costela@example.com,MG,M
u-677,Fernando,Novais,fernando.novais@example.com,RR,M
u-678,Laura,Novaes,laura.novaes@example.com,PB,F
u-679,Natalia,Ribeiro,natalia.ribeiro@example.com,PB,F
u-680,Patrícia,Monteiro,patricia.monteiro@example.com,RN,F
u-681,Natalia,Monteiro,natalia.monteiro@example.com,MS,F
u-682,Emanuela,Araújo,emanuela.araujo@example.com,RJ,F
u-683,Clara,Pimenta,clara.pimenta@example.com,PB,F
u-684,Vinicius,Ribeiro,vinicius.ribeiro@example.com,ES,M
u-685,Monica,Novaes,monica.novaes@example.com,ES,F
u-686,Juliana,Melo,juliana.melo@example.com,BA,F
u-687,Felipe,Aparecida,felipe.aparecida@example.com,AM,M
u-688,Paulo,Almeida,paulo.almeida@example.com,GO,M
u-689,Paulo,Sampaio,paulo.sampaio@example.com,RO,M
u-690,Juliana,Silveira,juliana.silveira@example.com,DF,F
u-691,Bianca,Pinto,bianca.pinto@example.com,ES,F
u-692,Thiago,Brito,thiago.brito@example.com,ES,M
u-693,Clara,Rodrigues,clara.rodrigues@example.com,PB,F
u-694,Rodrigo,da Conceição,rodrigo.daconceicao@example.com,AC,M
u-695,Ricardo,Oliveira,ricardo.oliveira@example.com,ES,M
u-696,Sofia,Barbosa,sofia.barbosa@example.com,MS,F
u-697,Ricardo,Nogueira,ricardo.nogueira@example.com,PR,M
u-698,João,da Costa,joao.dacosta@example.com,DF,M
u-699,Alice,Cassiano,alice.cassiano@example.com,PR,F
u-700,Fernanda,Lima,fernanda.lima@example.com,MG,F
u-701,Olivia,Nunes,olivia.nunes@example.com,AP,F
u-702,Leonardo,Ribeiro,leonardo.ribeiro@example.com,PA,M
u-703,Jorge,Rezende,jorge.rezende@example.com,RO,M
u-704,Fernanda,Silveira,fernanda.silveira@example.com,ES,F
u-705,Caio,Vargas,caio.vargas@example.com,MA,M
u-706,Diego,da Rosa,diego.darosa@example.com,RS,M
u-707,Vinicius,Viana,vinicius.viana@example.com,AM,M
u-708,Marcelo,Casa Grande,marcelo.casagrande@example.com,CE,M
u-709,Paulo,Porto,paulo.porto@example.com,CE,M
u-710,Isadora,Rezende,isadora.rezende@example.com,PB,F
u-711,Bianca,Cunha,bianca.cunha@example.com,TO,F
u-712,Monica,da Luz,monica.daluz@example.com,AL,F
u-713,Paulo,Pimenta,paulo.pimenta@example.com,RR,M
u-714,Emanuela,Vieira,emanuela.vieira@example.com,MS,F
u-715,Rafael,Oliveira,rafael.oliveira@example.com,RR,M
u-716,Ricardo,Marques,ricardo.marques@example.com,AM,M
u-717,Leonardo,da Rocha,leonardo.darocha@example.com,RO,M
u-718,Sofia,da Mota,sofia.damota@example.com,RS,F
u-719,Mariana,Casa Grande,mariana.casagrande@example.com,PR,F
u-720,Patrícia,Rodrigues,patricia.rodrigues@example.com,RO,F
u-721,Carolina,da Cunha,carolina.dacunha@example.com,RS,F
u-722,Rodrigo,Câmara,rodrigo.camara@example.com,RR,M
u-723,Juliana,Novaes,juliana.novaes@example.com,RS,F
u-724,Matheus,Silva,matheus.silva@example.com,RN,M
u-725,José,Leão,jose.leao@example.com,AP,M
u-726,Daniela,Costela,daniela.costela@example.com,PR,F
u-727,Gustavo,da Cruz,gustavo.dacruz@example.com,BA,M
u-728,Gustavo,Rocha,gustavo.rocha@example.com,RS,M
u-729,Jessica,Aparecida,jessica.aparecida@example.com,RO,F
u-730,Diego,Moraes,diego.moraes@example.com,AC,M
u-731,Diego,Vasconcelos,diego.vasconcelos@example.com,AL,M
u-732,Natalia,Carvalho,natalia.carvalho@example.com,PR,F
u-733,Carlos,da Mota,carlos.damota@example.com,AL,M
u-734,Jorge,Pastor,jorge.pastor@example.com,PA,M
u-735,Juliana,Fonseca,juliana.fonseca@example.com,SC,F
u-736,Carlos,Câmara,carlos.camara@example.com,RS,M
u-737,Gisele,da Luz,gisele.daluz@example.com,AC,F
u-738,Helena,Câmara,helena.camara@example.com,MA,F
u-739,Jessica,Souza,jessica.souza@example.com,MA,F
u-740,Jorge,Almeida,jorge.almeida@example.com,PA,M
u-741,Carolina,Moura,carolina.moura@example.com,PI,F
u-742,Monica,Pereira,monica.pereira@example.com,MS,F
u-743,Sofia,Santos,sofia.santos@example.com,MT,F
u-744,Clara,Barbosa,clara.barbosa@example.com,AM,F
u-745,Samuel,Monteiro,samuel.monteiro@example.com,AP,M
u-746,Thiago,da Mata,thiago.damata@example.com,AL,M
u-747,Leonardo,Nogueira,leonardo.nogueira@example.com,AP,M
u-748,Flavia,Cunha,flavia.cunha@example.com,CE,F
u-749,Bianca,Alves,bianca.alves@example.com,MA,F
u-750,Jorge,Fogaça,jorge.fogaca@example.com,AC,M
u-751,Carlos,Garcia,carlos.garcia@example.com,TO,M
u-752,Alice,Leão,alice.leao@example.com,SE,F
u-753,Fernando,Macedo,fernando.macedo@example.com,AC,M
u-754,Pedro,Novais,pedro.novais@example.com,SC,M
u-755,Patrícia,Freitas,patricia.freitas@example.com,AC,F
u-756,Samuel,Lima,samuel.lima@example.com,RR,M
u-757,Bianca,Santos,bianca.santos@example.com,MS,F
u-758,Carlos,Vasconcelos,carlos.vasconcelos@example.com,TO,M
u-759,Helena,Viana,helena.viana@example.com,RJ,F
u-760,Gisele,Silveira,gisele.silveira@example.com,AL,F
u-761,Fernando,Vasconcelos,fernando.vasconcelos@example.com,RN,M
u-762,Larissa,da Luz,larissa.daluz@example.com,ES,F
u-763,Vinicius,da Mota,vinicius.damota@example.com,CE,M
u-764,Emanuela,Nogueira,emanuela.nogueira@example.com,MA,F
u-765,Samuel,da Rocha,samuel.darocha@example.com,AC,M
u-766,Carlos,Rocha,carlos.rocha@example.com,RN,M
u-767,Leonardo,Fernandes,leonardo.fernandes@example.com,RJ,M
u-768,Eduardo,Oliveira,eduardo.oliveira@example.com,RS,M
u-769,João,da Rocha,joao.darocha@example.com,SP,M
u-770,Leticia,Abreu,leticia.abreu@example.com,SP,F
u-771,Diego,Siqueira,diego.siqueira@example.com,RN,M
u-772,Natalia,Abreu,natalia.abreu@example.com,CE,F
u-773,Bruno,Fonseca,bruno.fonseca@example.com,GO,M
u-774,Matheus,Silva,matheus.silva@example.com,MG,M
u-775,Patrícia,Campos,patricia.campos@example.com,MT,F
u-776,Valentina,Garcia,valentina.garcia@example.com,SC,F
u-777,Ana,Fogaça,ana.fogaca@example.com,GO,F
u-778,Laura,Peixoto,laura.peixoto@example.com,AM,F
u-779,Bianca,Monteiro,bianca.monteiro@example.com,TO,F
u-780,Jessica,Viana,jessica.viana@example.com,PE,F
u-781,Valentina,Mendes,valentina.mendes@example.com,PB,F
u-782,Flavia,Santos,flavia.santos@example.com,RR,F
u-783,Andre,Fonseca,andre.fonseca@example.com,RN,M
u-784,Gabriela,Novais,gabriela.novais@example.com,PE,F
u-785,Andre,Vieira,andre.vieira@example.com,MS,M
u-786,Camila,Cassiano,camila.cassiano@example.com,ES,F
u-787,Clara,Castro,clara.castro@example.com,SC,F
u-788,Diego,Almeida,diego.almeida@example.com,RJ,M
u-789,Sofia,Gonçalves,sofia.goncalves@example.com,PR,F
u-790,Paulo,Pastor,paulo.pastor@example.com,DF,M
u-791,Fernando,da Cruz,fernando.dacruz@example.com,DF,M
u-792,Mariana,Caldeira,mariana.caldeira@example.com,MS,F
u-793,Natalia,Teixeira,natalia.teixeira@example.com,MS,F
u-794,Alice,Carvalho,alice.carvalho@example.com,RJ,F
u-795,Leticia,Viana,leticia.viana@example.com,PI,F
u-796,Beatriz,Costa,beatriz.costa@example.com,RJ,F
u-797,Helena,da Rosa,helena.darosa@example.com,PA,F
u-798,Mariana,da Mota,mariana.damota@example.com,AC,F
u-799,Bruno,Martins,bruno.martins@example.com,GO,M
u-800,Vinicius,Peixoto,vinicius.peixoto@example.com,SP,M
u-801,Fernanda,Silveira,fernanda.silveira@example.com,DF,F
u-802,Gisele,da Luz,gisele.daluz@example.com,PB,F
u-803,Miguel,Câmara,miguel.camara@example.com,SE,M
u-804,Juliana,da Rosa,juliana.darosa@example.com,SC,F
u-805,Rodrigo,Araújo,rodrigo.araujo@example.com,SP,M
u-806,Larissa,Moreira,larissa.moreira@example.com,CE,F
u-807,Clara,Casa Grande,clara.casagrande@example.com,AM,F
u-808,Monica,da Conceição,monica.daconceicao@example.com,PE,F
u-809,Jorge,Peixoto,jorge.peixoto@example.com,RR,M
u-810,Gisele,Fogaça,gisele.fogaca@example.com,DF,F
u-811,Clara,Farias,clara.farias@example.com,PB,F
u-812,Bianca,Viana,bianca.viana@example.com,PB,F
u-813,Beatriz,Ribeiro,beatriz.ribeiro@example.com,SC,F
u-814,Beatriz,Nunes,beatriz.nunes@example.com,PI,F
u-815,Isabela,Costa,isabela.costa@example.com,SP,F
u-816,Maria,Mendes,maria.mendes@example.com,RO,F
u-817,Gisele,Camargo,gisele.camargo@example.com,RN,F
u-818,Carolina,Porto,carolina.porto@example.com,AM,F
u-819,Renato,Monteiro,renato.monteiro@example.com,AL,M
u-820,Felipe,da Cunha,felipe.dacunha@example.com,CE,M
u-821,Juliana,Costa,juliana.costa@example.com,TO,F
u-822,Diego,Gonçalves,diego.goncalves@example.com,SC,M
u-823,Gabriela,Jesus,gabriela.jesus@example.com,RN,F
u-824,Bruno,Aparecida,bruno.aparecida@example.com,MG,M
u-825,Antonio,Lopes,antonio.lopes@example.com,MT,M
u-826,Matheus,Araújo,matheus.araujo@example.com,MT,M
u-827,Felipe,Garcia,felipe.garcia@example.com,RS,M
u-828,Jessica,Barbosa,jessica.barbosa@example.com,GO,F
u-829,Ricardo,Martins,ricardo.martins@example.com,PR,M
u-830,Bianca,Costela,bianca.costela@example.com,PI,F
u-831,Valentina,Ramos,valentina.ramos@example.com,MS,F
u-832,Carlos,Rios,carlos.rios@example.com,AC,M
u-833,Isadora,Duarte,isadora.duarte@example.com,MT,F
u-834,Renato,Almeida,renato.almeida@example.com,PR,M
u-835,Bruno,Casa Grande,bruno.casagrande@example.com,AP,M
u-836,Olivia,Macedo,olivia.macedo@example.com,ES,F
u-837,Larissa,Montenegro,larissa.montenegro@example.com,SE,F
u-838,Bianca,Siqueira,bianca.siqueira@example.com,RJ,F
u-839,Maria,Marques,maria.marques@example.com,MS,F
u-840,Felipe,Rocha,felipe.rocha@example.com,AM,M
u-841,Miguel,Leão,miguel.leao@example.com,MT,M
u-842,Rodrigo,Montenegro,rodrigo.montenegro@example.com,RO,M
u-843,Fernando,Andrade,fernando.andrade@example.com,AC,M
u-844,Vinicius,Cardoso,vinicius.cardoso@example.com,RS,M
u-845,Leticia,Cassiano,leticia.cassiano@example.com,PR,F
u-846,Isadora,Câmara,isadora.camara@example.com,MS,F
u-847,Marcelo,Mendonça,marcelo.mendonca@example.com,CE,M
u-848,Clara,Sá,clara.sa@example.com,DF,F
u-849,Ricardo,Barbosa,ricardo.barbosa@example.com,AL,M
u-850,Thiago,Aparecida,thiago.aparecida@example.com,MG,M
u-851,Caio,Azevedo,caio.azevedo@example.com,RJ,M
u-852,Caio,Nascimento,caio.nascimento@example.com,RN,M
u-853,Emanuela,Alves,emanuela.alves@example.com,AL,F
u-854,Bruno,Abreu,bruno.abreu@example.com,MS,M
u-855,Alice,Nogueira,alice.nogueira@example.com,SC,F
u-856,Andre,Duarte,andre.duarte@example.com,PE,M
u-857,Caio,Ribeiro,caio.ribeiro@example.com,MT,M
u-858,Monica,Azevedo,monica.azevedo@example.com,PA,F
u-859,Laura,Fonseca,laura.fonseca@example.com,PA,F
u-860,Juliana,Aparecida,juliana.aparecida@example.com,AL,F
u-861,Monica,Cunha,monica.cunha@example.com,AL,F
u-862,Sofia,Melo,sofia.melo@example.com,AL,F
u-863,Helena,Novaes,helena.novaes@example.com,SP,F
u-864,Henrique,Barbosa,henrique.barbosa@example.com,DF,M
u-865,Luiza,Pacheco,luiza.pacheco@example.com,SC,F
u-866,Antonio,Costa,antonio.costa@example.com,RS,M
u-867,Ricardo,Vieira,ricardo.vieira@example.com,SC,M
u-868,Lucas,Souza,lucas.souza@example.com,RO,M
u-869,Emanuela,Sá,emanuela.sa@example.com,ES,F
u-870,Thiago,das Neves,thiago.dasneves@example.com,AC,M
u-871,Miguel,das Neves,miguel.dasneves@example.com,CE,M
u-872,Henrique,Alves,henrique.alves@example.com,MS,M
u-873,Fernando,Câmara,fernando.camara@example.com,SE,M
u-874,Pedro,Mendonça,pedro.mendonca@example.com,MS,M
u-875,Rodrigo,Porto,rodrigo.porto@example.com,SP,M
u-876,Ana,Cavalcanti,ana.cavalcanti@example.com,PB,F
u-877,Fernando,Teixeira,fernando.teixeira@example.com,CE,M
u-878,José,da Costa,jose.dacosta@example.com,SP,M
u-879,Andre,Ferreira,andre.ferreira@example.com,RO,M
u-880,Valentina,Pires,valentina.pires@example.com,PA,F
u-881,Rafael,Aragão,rafael.aragao@example.com,MS,M
u-882,Rafael,Araújo,rafael.araujo@example.com,ES,M
u-883,Pedro,Ramos,pedro.ramos@example.com,AP,M
u-884,Natalia,Machado,natalia.machado@example.com,AL,F
u-885,Luiza,Dias,luiza.dias@example.com,RN,F
u-886,Samuel,Nascimento,samuel.nascimento@example.com,SE,M
u-887,Valentina,Garcia,valentina.garcia@example.com,AM,F
u-888,Gabriela,Aparecida,gabriela.aparecida@example.com,AP,F
u-889,Olivia,Aparecida,olivia.aparecida@example.com,PA,F
u-890,Gabriela,Moreira,gabriela.moreira@example.com,RS,F
u-891,Diego,Almeida,diego.almeida@example.com,PR,M
u-892,Gisele,Cirino,gisele.cirino@example.com,MT,F
u-893,Diego,Novaes,diego.novaes@example.com,PA,M
u-894,Alice,Barbosa,alice.barbosa@example.com,AP,F
u-895,Isadora,da Costa,isadora.dacosta@example.com,RR,F
u-896,Larissa,Mendonça,larissa.mendonca@example.com,MG,F
u-897,Diego,Rocha,diego.rocha@example.com,SC,M
u-898,Carlos,Viana,carlos.viana@example.com,DF,M
u-899,Carlos,Novaes,carlos.novaes@example.com,AP,M
u-900,Henrique,Novaes,henrique.novaes@example.com,GO,M
u-901,Olivia,Montenegro,olivia.montenegro@example.com,AL,F
u-902,Henrique,da Costa,henrique.dacosta@example.com,MS,M
u-903,Matheus,Araújo,matheus.araujo@example.com,RO,M
u-904,Luiza,Câmara,luiza.camara@example.com,CE,F
u-905,Beatriz,Macedo,beatriz.macedo@example.com,GO,F
u-906,Fernando,Albuquerque,fernando.albuquerque@example.com,MA,M
u-907,Fernanda,Cardoso,fernanda.cardoso@example.com,AP,F
u-908,Beatriz,Sá,beatriz.sa@example.com,SC,F
u-909,Emanuela,Aparecida,emanuela.aparecida@example.com,TO,F
u-910,Leonardo,Cavalcante,leonardo.cavalcante@example.com,AM,M
u-911,Jessica,Machado,jessica.machado@example.com,TO,F
u-912,Eduardo,da Costa,eduardo.dacosta@example.com,MS,M
u-913,Helena,Melo,helena.melo@example.com,RS,F
u-914,Bruno,Brito,bruno.brito@example.com,TO,M
u-915,Carlos,Rios,carlos.rios@example.com,MT,M
u-916,Leonardo,Silva,leonardo.silva@example.com,SE,M
u-917,Rafael,Siqueira,rafael.siqueira@example.com,DF,M
u-918,Jorge,Dias,jorge.dias@example.com,AM,M
u-919,Ana,Rocha,ana.rocha@example.com,ES,F
u-920,Renato,Nascimento,renato.nascimento@example.com,SC,M
u-921,Felipe,Lopes,felipe.lopes@example.com,AL,M
u-922,Laura,Ramos,laura.ramos@example.com,AP,F
u-923,Matheus,Oliveira,matheus.oliveira@example.com,GO,M
u-924,Antonio,Macedo,antonio.macedo@example.com,SC,M
u-925,Caio,Teixeira,caio.teixeira@example.com,GO,M
u-926,Ana,Nunes,ana.nunes@example.com,SE,F
u-927,Lucas,da Costa,lucas.dacosta@example.com,PA,M
u-928,José,da Cruz,jose.dacruz@example.com,RJ,M
u-929,Lucas,Azevedo,lucas.azevedo@example.com,TO,M
u-930,Daniela,da Mata,daniela.damata@example.com,AC,F
u-931,Daniela,Siqueira,daniela.siqueira@example.com,SE,F
u-932,Olivia,Garcia,olivia.garcia@example.com,PR,F
u-933,Jessica,Mendes,jessica.mendes@example.com,MS,F
u-934,Mariana,Gonçalves,mariana.goncalves@example.com,PA,F
u-935,Lucas,Ribeiro,lucas.ribeiro@example.com,RR,M
u-936,Ricardo,Cirino,ricardo.cirino@example.com,SC,M
u-937,Marcelo,da Paz,marcelo.dapaz@example.com,SE,M
u-938,Jessica,Santos,jessica.santos@example.com,SE,F
u-939,Ricardo,da Rocha,ricardo.darocha@example.com,RS,M
u-940,Olivia,Pereira,olivia.pereira@example.com,MS,F
u-941,Jessica,da Luz,jessica.daluz@example.com,CE,F
u-942,Jorge,Abreu,jorge.abreu@example.com,MS,M
u-943,Samuel,Cunha,samuel.cunha@example.com,PA,M
u-944,Vinicius,Câmara,vinicius.camara@example.com,RN,M
u-945,Beatriz,da Conceição,beatriz.daconceicao@example.com,PI,F
u-946,Juliana,Martins,juliana.martins@example.com,MA,F
u-947,Carolina,Abreu,carolina.abreu@example.com,PI,F
u-948,Daniela,Borges,daniela.borges@example.com,MG,F
u-949,Laura,Gonçalves,laura.goncalves@example.com,RJ,F
u-950,Helena,Duarte,helena.duarte@example.com,AP,F
u-951,Daniela,Azevedo,daniela.azevedo@example.com,RJ,F
u-952,José,Monteiro,jose.monteiro@example.com,MT,M
u-953,Clara,Albuquerque,clara.albuquerque@example.com,AP,F
u-954,Vitor,Silva,vitor.silva@example.com,SC,M
u-955,Matheus,Fonseca,matheus.fonseca@example.com,PI,M
u-956,Monica,Machado,monica.machado@example.com,TO,F
u-957,Rodrigo,Ribeiro,rodrigo.ribeiro@example.com,PA,M
u-958,Leonardo,Monteiro,leonardo.monteiro@example.com,MA,M
u-959,Matheus,Aragão,matheus.aragao@example.com,ES,M
u-960,Jessica,da Mota,jessica.damota@example.com,RJ,F
u-961,Carolina,Nunes,carolina.nunes@example.com,MA,F
u-962,Larissa,Rocha,larissa.rocha@example.com,AC,F
u-963,Monica,da Mata,monica.damata@example.com,CE,F
u-964,Marcelo,Costa,marcelo.costa@example.com,RR,M
u-965,Gabriel,Cavalcanti,gabriel.cavalcanti@example.com,PA,M
u-966,Helena,Peixoto,helena.peixoto@example.com,MA,F
u-967,Vitor,Novais,vitor.novais@example.com,AC,M
u-968,Daniela,da Cunha,daniela.dacunha@example.com,MT,F
u-969,Renato,da Cunha,renato.dacunha@example.com,BA,M
u-970,Camila,Moraes,camila.moraes@example.com,RR,F
u-971,Valentina,Borges,valentina.borges@example.com,ES,F
u-972,Flavia,Vieira,flavia.vieira@example.com,MA,F
u-973,Helena,Caldeira,helena.caldeira@example.com,PA,F
u-974,Carolina,Jesus,carolina.jesus@example.com,SC,F
u-975,Gabriel,Garcia,gabriel.garcia@example.com,MA,M
u-976,Beatriz,Moura,beatriz.moura@example.com,PE,F
u-977,Leonardo,Azevedo,leonardo.azevedo@example.com,PR,M
u-978,Samuel,Vargas,samuel.vargas@example.com,CE,M
u-979,Gabriela,Ferreira,gabriela.ferreira@example.com,MA,F
u-980,Maria,Ramos,maria.ramos@example.com,DF,F
u-981,Felipe,Pinto,felipe.pinto@example.com,SC,M
u-982,Bruno,da Luz,bruno.daluz@example.com,MS,M
u-983,Clara,da Luz,clara.daluz@example.com,SE,F
u-984,Laura,Lima,laura.lima@example.com,ES,F
u-985,Paulo,Machado,paulo.machado@example.com,BA,M
u-986,Laura,Machado,laura.machado@example.com,RJ,F
u-987,Mariana,Jesus,mariana.jesus@example.com,ES,F
u-988,Larissa,Jesus,larissa.jesus@example.com,RO,F
u-989,Rodrigo,Santos,rodrigo.santos@example.com,SE,M
u-990,Mariana,Leão,mariana.leao@example.com,RO,F
u-991,Juliana,da Cunha,juliana.dacunha@example.com,TO,F
u-992,Gisele,Viana,gisele.viana@example.com,ES,F
u-993,Emanuela,Caldeira,emanuela.caldeira@example.com,RR,F
u-994,Maria,Cassiano,maria.cassiano@example.com,AC,F
u-995,Thiago,Teixeira,thiago.teixeira@example.com,SC,M
u-996,Vinicius,Nogueira,vinicius.nogueira@example.com,SC,M
u-997,Mariana,Moura,mariana.moura@example.com,RN,F
u-998,Laura,Novais,laura.novais@example.com,TO,F
u-999,Fernanda,Pimenta,fernanda.pimenta@example.com,ES,F
